Model,Lang,Phase,NT1,NT2,NT3,NT4,NT5,NT6
gpt4o,C,attack,0.5277777777777778,0.86,0.04,0.5,0.7727272727272727,0.9789473684210527
gpt4o,C,clean,0.5055555555555555,0.95,0.05,0.5,1.0,0.9894736842105263
gpt4o,C++,attack,0.5420560747663551,0.82,0.08,0.495,0.8333333333333334,1.0
gpt4o,C++,clean,0.5046728971962616,0.94,0.06,0.5,1.0,1.0
