Model,Lang,Phase,NT1,NT4
gpt4o,C,attack,0.679245283018868,0.6666666666666666
gpt4o,C,clean,0.6615969581749049,0.6551724137931034
gpt4o,C++,attack,0.6993865030674845,0.6576271186440679
gpt4o,C++,clean,0.670807453416149,0.6527777777777778
