Model,NT1,NT2,NT3,NT4,NT5,NT6
gpt4o,50.000000000000014,0.0,9.090909090909086,-81.81818181818181,0.0,0.0
