Model,NT1,NT2,NT3,NT4,NT5,NT6
gpt4o,0.98,0.84,0.0,0.985,0.7857142857142857,0.979381443298969
