Model,NT1,NT2,NT3,NT4,NT5,NT6
gpt4o,4.255319148936175,-11.11111111111111,0.0,4.232804232804237,-21.42857142857143,-1.041666666666674
