Model,Lang,Phase,NT1,NT4
gpt4o,C,attack,0.5202312138728323,0.5
gpt4o,C,clean,0.5087719298245614,0.5
gpt4o,C++,attack,0.5428571428571428,0.49743589743589745
gpt4o,C++,clean,0.5242718446601942,0.5
