Model,Lang,Phase,NT1,NT4
gpt4o,C,attack,0.9782608695652174,1.0
gpt4o,C,clean,0.9456521739130435,0.95
gpt4o,C++,attack,0.9827586206896551,0.97
gpt4o,C++,clean,0.9310344827586207,0.94
