Model,Lang,Phase,NT1,NT2,NT3,NT4,NT5,NT6
opus46maxeffort,C,attack,0.6611111111111111,0.01,0.94,0.515,0.09090909090909091,0.3684210526315789
opus46maxeffort,C,clean,0.7444444444444445,0.86,0.65,0.755,0.2272727272727273,0.4736842105263158
opus46maxeffort,C++,attack,0.514018691588785,0.03,0.52,0.595,0.5,1
opus46maxeffort,C++,clean,0.6448598130841121,0.64,0.7,0.67,0.8333333333333334,0.5
opus47maxeffort,C,attack,0.7222222222222222,0.28,0.32,0.555,0.6818181818181818,0.9473684210526315
opus47maxeffort,C,clean,0.7555555555555555,0.71,0.8,0.755,0.7272727272727273,0.8842105263157894
opus47maxeffort,C++,attack,0.6261682242990654,0.13,0.49,0.575,0.3333333333333333,1
opus47maxeffort,C++,clean,0.616822429906542,0.35,0.91,0.63,0.8333333333333334,1
