Model,Lang,Phase,NT1,NT4
opus46maxeffort,C,attack,0.7239819004524886,0.05825242718446601
opus46maxeffort,C,clean,0.7766990291262136,0.7782805429864253
opus46maxeffort,C++,attack,0.4999999999999999,0.319327731092437
opus46maxeffort,C++,clean,0.6833333333333333,0.6597938144329897
opus47maxeffort,C,attack,0.7282608695652174,0.6307053941908713
opus47maxeffort,C,clean,0.7555555555555555,0.743455497382199
opus47maxeffort,C++,attack,0.6551724137931034,0.5595854922279794
opus47maxeffort,C++,clean,0.5494505494505494,0.486111111111111
