Model,NT1,NT2,NT3,NT4,NT5,NT6
opus46maxeffort,0.4963503649635037,0,0.73,1,0,0
opus47maxeffort,0.6715328467153284,0,0.405,0.48,0,0
