Model,NT1,NT2,NT3,NT4,NT5,NT6
opus46maxeffort,-17.07317073170733,0,8.14814814814814,48.14814814814814,0,0
opus47maxeffort,-15.59633027522937,0,-52.63157894736842,-43.85964912280702,0,0
