Model,NT1,NT2,NT3,NT4,NT5,NT6
opus46maxeffort,-12.39669421487603,-97.33333333333333,0,-85.33333333333334,-50,-19.56521739130435
opus47maxeffort,12.90322580645161,-61.32075471698114,0,22.64150943396226,-19.04761904761905,6.976744186046512
