Model,NT1,NT2,NT3,NT4,NT5,NT6
opus46maxeffort,0.7066666666666667,0.02,0,0.11,0.1785714285714286,0.3814432989690721
opus47maxeffort,0.7,0.205,0,0.65,0.6071428571428571,0.9484536082474226
