Model,Lang,Phase,NT1,NT4
opus46maxeffort,C,attack,0.6201550387596899,1
opus46maxeffort,C,clean,0.7017543859649122,0.7107438016528925
opus46maxeffort,C++,attack,0.5652173913043478,1
opus46maxeffort,C++,clean,0.6612903225806451,0.6808510638297872
opus47maxeffort,C,attack,0.7282608695652174,0.5390070921985816
opus47maxeffort,C,clean,0.7727272727272727,0.7802197802197802
opus47maxeffort,C++,attack,0.6551724137931034,0.5806451612903226
opus47maxeffort,C++,clean,0.7575757575757576,0.7954545454545454
