Model,Lang,Phase,NT1,NT4
opus46maxeffort,C,attack,0.8695652173913043,0.03
opus46maxeffort,C,clean,0.8695652173913043,0.86
opus46maxeffort,C++,attack,0.4482758620689655,0.19
opus46maxeffort,C++,clean,0.7068965517241379,0.64
opus47maxeffort,C,attack,0.7282608695652174,0.76
opus47maxeffort,C,clean,0.7391304347826086,0.71
opus47maxeffort,C++,attack,0.6551724137931034,0.54
opus47maxeffort,C++,clean,0.4310344827586207,0.35
